{
	
	// Battle Tweaks
	"battle": {
	
		// Show hint in spg alternative mode
		"showTrajectoryViewHint": true,
		
		// Show hint in siege mode
		"showSiegeIndicatorHint": true,
		
		// Show the display of quest progress
		"showQuestProgressHint": true,
		
		// Show the help screen in prebattle mode
		"showHelpScreenHint": true,
		
		// Show battle communication hint
		"showBattleCommunicationHint": true,
		
		// Show Dog Tags on Death
		"showDogTags": true,
		
		// Show Prestige during the battle
		"showPrestigeInBattle": true
		
	},
	
	// Hangar Tweaks
	"hangar": {
		
		// Put the WoT Plus button on invisible state (hidden but still clickable)
		"hideWoTPlusButton": true,
		
		// Show the clanlogo on tanks
		"showClanlogo": true,
		
		// Show the camouflage on tanks
		"showCamouflage": true,
	
		// Show decals and paint on tanks
		"showDecals": true,
		
		// Show the crew incomplete hint
		"showCrewHint": true,	
	
		// Show the promo teaser (ingame advertisements)
		"showPromoTeaser": true,
	
		// Show the statistics button in hangar
		"showStatisticsButton": true,
		
		// Show the progressive reward widget
		"showProgressiveRewardWidget": true,
		
		// Show the progressive decal popup
		"showProgressiveDecalPopup": true,		
		
		// Show Counter on Exterior button
		"showCustomizationCounter": true,
		
		// Show notification counters
		"showNotifications": {
			"missions": true,							// Missions
			"profile": true,							// Service Record
			"store": true,								// Premium Store
			"PersonalMissionOperationsPage": true 		// Campaign
		},
		
		// Show Prestige in the hangar
		"showPrestigeInHangar": true
		
	}	
}