{
	
	// Battle Tweaks
	"battle": {
	
		// Show hint in spg alternative mode
		"showTrajectoryViewHint": true,
		
		// Show hint in siege mode
		"showSiegeIndicatorHint": true,
		
		// Show the display of quest progress
		"showQuestProgressHint": true,
		
		// Show the help screen in prebattle mode
		"showHelpScreenHint": true,
		
		// Show battle communication hint
		"showBattleCommunicationHint": true
	},
	
	// Hangar Tweaks
	"hangar": {
		
		// Show the clanlogo on tanks
		"showClanlogo": true,
		
		// Show the camouflage on tanks
		"showCamouflage": true,
	
		// Show decals and paint on tanks
		"showDecals": true,
		
		// Show the crew incomplete hint
		"showCrewHint": true,	
	
		// Show the promo teaser (ingame advertisements)
		"showPromoTeaser": true,
	
		// Show the statistics button in hangar
		"showStatisticsButton": true,
		
		// Show the 10th years anniversity teaser?
		"showTenYearsWidget": true,
		
		// Show the progressive reward widget
		"showProgressiveRewardWidget": true,
		
		// Show the progressive decal popup
		"showProgressiveDecalPopup": true,		
		
		// Show Counter on Exterior button
		"showCustomizationCounter": true
		
	}	
}