{
    "soundReloaded": 0,
    "soundFire": 0,
    "rescaleReticle": 0,
    "disableStunSoundEffect": false,
    "fpsLimit": 1000,
    "maxIgnore": 5000,
    "enabled": true,
    "hideClanlogo": false,
    "hideCrewHint": false,
    "hideCamo": false,
    "maxFriends": 1000,
    "disableRedDotNotifications": false,
    "soundVolume": 0,
    "configVersion": 12,
    "hideDecals": false,
    "enableStreamerProtection": false,
	"enableRewardsAutoClaim": false,
    "uiScale": 100
}